City,Average time of journey to work (minutes)_Average,Percentage of commutes to work by public transport (%)_Average,Proportion of journeys to work by foot (percentage)_Average,Average time of journey to work (minutes)_Years Available,Percentage of commutes to work by public transport (%)_Years Available,Proportion of journeys to work by foot (percentage)_Years Available
Alacant/Alicante,40.400000000000006,15.0,16.55,2.0,2.0,2.0
Albacete,37.9,8.2,28.4,2.0,2.0,2.0
Alcalá de Guadaíra,60.400000000000006,6.7,12.1,1.0,1.0,1.0
Alcalá de Henares,48.725,18.05,12.9,2.0,2.0,2.0
Alcoy/Alcoi,48.95,7.4,27.0,1.0,1.0,1.0
Algeciras,42.8,8.0,14.95,2.0,2.0,2.0
Almería,41.0,8.85,20.55,2.0,2.0,2.0
Aranjuez,,,,0.0,0.0,0.0
Arganda del Rey,,,,0.0,0.0,0.0
Armilla,,,,0.0,0.0,0.0
Arrecife,42.175,10.95,13.15,2.0,2.0,2.0
Avilés,41.425,12.6,19.45,2.0,2.0,2.0
Badajoz,43.099999999999994,8.3,18.95,2.0,2.0,2.0
Barcelona,32.95,35.2,16.7,2.0,2.0,2.0
Benidorm,33.349999999999994,7.949999999999999,29.45,2.0,2.0,2.0
Bilbao,34.8,28.45,19.2,2.0,2.0,2.0
Burgos,38.4,11.75,22.85,2.0,2.0,2.0
Cartagena,42.849999999999994,8.100000000000001,15.15,2.0,2.0,2.0
Castelldefels,46.3,20.0,9.75,2.0,2.0,2.0
Castellón de la Plana/Castelló de la Plana,41.1,7.55,22.5,2.0,2.0,2.0
Ceuta,30.05,12.2,21.15,2.0,2.0,2.0
Chiclana de la Frontera,58.05,6.1,12.2,1.0,1.0,1.0
Ciudad Real,36.025,8.45,31.4,2.0,2.0,2.0
Collado Villalba,58.3,31.8,10.2,1.0,1.0,1.0
"Coruña, A",39.275,15.850000000000001,22.200000000000003,2.0,2.0,2.0
Coslada,49.075,25.1,7.05,2.0,2.0,2.0
Cáceres,42.675,9.2,19.55,2.0,2.0,2.0
Cádiz,31.35,16.4,30.1,2.0,2.0,2.0
Córdoba,40.525,11.649999999999999,20.4,2.0,2.0,2.0
Donostia/San Sebastián,35.35,20.15,16.75,2.0,2.0,2.0
Dos Hermanas,49.224999999999994,11.85,6.3,2.0,2.0,2.0
Eivissa,,,,0.0,0.0,0.0
Elche/Elx,41.375,9.55,20.65,2.0,2.0,2.0
Elda,41.6,5.7,19.7,2.0,2.0,2.0
Ferrol,42.5,7.75,19.25,2.0,2.0,2.0
Fuengirola,40.6,6.8,20.9,2.0,2.0,2.0
Fuenlabrada,49.224999999999994,27.1,8.45,2.0,2.0,2.0
Gandia,40.25,6.949999999999999,18.15,2.0,2.0,2.0
Gijón,41.4,14.75,18.4,2.0,2.0,2.0
Girona,37.625,12.45,22.799999999999997,2.0,2.0,2.0
Granada,37.075,17.2,22.85,2.0,2.0,2.0
Granollers,42.75,14.8,17.4,2.0,2.0,2.0
Guadalajara,45.725,11.95,15.85,2.0,2.0,2.0
Huelva,38.5,11.100000000000001,23.35,2.0,2.0,2.0
Huesca,,,,0.0,0.0,0.0
Igualada,,,,0.0,0.0,0.0
Irun,41.650000000000006,11.5,16.95,2.0,2.0,2.0
Jaén,36.35,8.95,28.9,2.0,2.0,2.0
Jerez de la Frontera,44.675,7.8,15.05,2.0,2.0,2.0
León,40.05,7.8500000000000005,27.299999999999997,2.0,2.0,2.0
Linares,50.75,8.7,26.1,1.0,1.0,1.0
Lleida,36.775,7.550000000000001,26.65,2.0,2.0,2.0
Logroño,39.3,10.6,23.4,2.0,2.0,2.0
Lorca,53.550000000000004,7.1,17.7,1.0,1.0,1.0
Lugo,40.7,8.75,20.799999999999997,2.0,2.0,2.0
"Línea de la Concepción, La",38.825,7.5,18.3,2.0,2.0,2.0
Madrid,41.0,35.25,12.55,2.0,2.0,2.0
Mairena del Aljarafe,,,,0.0,0.0,0.0
Manresa,41.449999999999996,10.5,21.35,2.0,2.0,2.0
Mataró,41.125,16.1,20.299999999999997,2.0,2.0,2.0
Melilla,34.175,8.25,17.6,2.0,2.0,2.0
Mollet del Vallès,44.900000000000006,14.6,16.0,2.0,2.0,2.0
Murcia,44.075,9.25,15.8,2.0,2.0,2.0
Málaga,41.625,13.7,17.65,2.0,2.0,2.0
Mérida,51.400000000000006,6.9,18.5,1.0,1.0,1.0
Ourense,40.125,10.45,24.45,2.0,2.0,2.0
Oviedo,39.825,13.399999999999999,24.15,2.0,2.0,2.0
Palencia,39.425,8.3,25.35,2.0,2.0,2.0
Palma de Mallorca,38.375,15.95,19.200000000000003,2.0,2.0,2.0
"Palmas de Gran Canaria, Las",42.375,17.85,12.25,2.0,2.0,2.0
Pamplona/Iruña,39.275000000000006,14.2,17.7,2.0,2.0,2.0
Parla,50.925,27.349999999999998,7.9,2.0,2.0,2.0
Pinto,,,,0.0,0.0,0.0
Ponferrada,40.025,7.6,21.15,2.0,2.0,2.0
Pontevedra,40.025,8.6,24.15,2.0,2.0,2.0
"Prat de Llobregat, El",39.275,21.5,16.05,2.0,2.0,2.0
Premià de Mar,,,,0.0,0.0,0.0
"Puerto de Santa María, El",43.3,7.25,14.8,2.0,2.0,2.0
Puerto de la Cruz,,,,0.0,0.0,0.0
Reus,43.125,9.1,16.65,2.0,2.0,2.0
Rivas-Vaciamadrid,64.25,20.0,3.9,1.0,1.0,1.0
"Rozas de Madrid, Las",53.05,20.25,6.05,2.0,2.0,2.0
Sabadell,45.1,16.55,13.95,2.0,2.0,2.0
Sagunt/Sagunto,53.95,7.2,18.5,1.0,1.0,1.0
Salamanca,37.25,12.35,28.75,2.0,2.0,2.0
San Fernando,43.475,13.0,15.65,2.0,2.0,2.0
Sanlúcar de Barrameda,42.35,5.1,14.350000000000001,2.0,2.0,2.0
Sant Boi de Llobregat,43.775,21.299999999999997,12.35,2.0,2.0,2.0
Sant Cugat del Vallès,46.425,21.95,9.15,2.0,2.0,2.0
Santa Cruz de Tenerife,43.225,16.45,11.75,2.0,2.0,2.0
Santa Lucía de Tirajana,49.349999999999994,12.25,9.399999999999999,2.0,2.0,2.0
Santander,38.825,14.3,18.7,2.0,2.0,2.0
Santiago de Compostela,40.625,10.9,22.15,2.0,2.0,2.0
Sevilla,40.925,22.2,12.399999999999999,2.0,2.0,2.0
Talavera de la Reina,43.775,7.7,18.1,2.0,2.0,2.0
Tarragona,41.575,12.5,17.3,2.0,2.0,2.0
Telde,50.699999999999996,10.05,5.8,2.0,2.0,2.0
Terrassa,45.7,15.0,15.4,2.0,2.0,2.0
Toledo,47.05,12.05,11.5,2.0,2.0,2.0
Torrejón de Ardoz,48.45,19.049999999999997,10.9,2.0,2.0,2.0
Torremolinos,43.35,10.55,15.45,2.0,2.0,2.0
Torrevieja,39.724999999999994,6.25,18.85,2.0,2.0,2.0
Valdemoro,61.5,19.9,9.0,1.0,1.0,1.0
Valladolid,43.349999999999994,12.65,18.8,2.0,2.0,2.0
València,40.375,20.15,12.95,2.0,2.0,2.0
Vigo,42.7,11.9,17.25,2.0,2.0,2.0
Viladecans,45.85,16.3,13.0,2.0,2.0,2.0
Vilanova i la Geltrú,41.525,16.75,18.65,2.0,2.0,2.0
Vitoria-Gasteiz,37.375,13.15,20.8,2.0,2.0,2.0
Vícar,,,,0.0,0.0,0.0
Zamora,38.8,4.25,29.3,2.0,2.0,2.0
Zaragoza,40.45,20.15,14.9,2.0,2.0,2.0
