City,Average annual net household income (Euros)_Average,Average disposable annual income per person (Euros)_Average,Economic activity rate (Percentage)_Average,Ratio of employed between 20-64 to economically active population (percentage)_Average,Unemployment rate (percentage)_Average,Average annual net household income (Euros)_Years Available,Average disposable annual income per person (Euros)_Years Available,Economic activity rate (Percentage)_Years Available,Ratio of employed between 20-64 to economically active population (percentage)_Years Available,Unemployment rate (percentage)_Years Available
Alacant/Alicante,28425.615384615383,11604.777777777777,58.158,79.33333333333334,20.908,13.0,9.0,15.0,15.0,15.0
Albacete,31359.615384615383,12294.444444444445,60.162666666666674,81.02266666666667,19.253333333333334,13.0,9.0,15.0,15.0,15.0
Alcalá de Guadaíra,27579.0,10005.555555555555,60.819,73.419,26.671,10.0,9.0,10.0,10.0,10.0
Alcalá de Henares,34634.07692307692,13068.888888888889,62.99533333333333,83.284,17.096,13.0,9.0,15.0,15.0,15.0
Alcoy/Alcoi,26799.1,11241.333333333334,56.455,81.569,18.566,10.0,9.0,10.0,10.0,10.0
Algeciras,27887.384615384617,10632.222222222223,57.974000000000004,72.04266666666668,28.262,13.0,9.0,15.0,15.0,15.0
Almería,28209.76923076923,11055.111111111111,58.882666666666665,70.422,29.99666666666667,13.0,9.0,15.0,15.0,15.0
Aranjuez,34338.0,12054.888888888889,62.55,88.38,11.52,9.0,9.0,1.0,1.0,1.0
Arganda del Rey,33848.0,11554.444444444445,66.89,88.2,11.85,9.0,9.0,1.0,1.0,1.0
Armilla,28451.555555555555,10469.333333333334,61.64,77.9,22.02,9.0,9.0,1.0,1.0,1.0
Arrecife,26693.76923076923,9928.222222222223,65.376,74.13200000000002,26.186,13.0,9.0,15.0,15.0,15.0
Avilés,29412.30769230769,13350.555555555555,51.61333333333333,83.16799999999999,16.78066666666667,13.0,9.0,15.0,15.0,15.0
Badajoz,29689.23076923077,11722.444444444445,58.58200000000001,75.57533333333335,24.467333333333332,13.0,9.0,15.0,15.0,15.0
Barcelona,39169.230769230766,16822.333333333332,58.82466666666667,87.89399999999999,12.247333333333332,13.0,9.0,15.0,15.0,15.0
Benidorm,22981.0,10265.222222222223,57.534000000000006,83.04333333333334,17.151999999999997,13.0,9.0,15.0,15.0,15.0
Bilbao,37394.1,16251.222222222223,54.23266666666665,85.60933333333332,14.399333333333336,10.0,9.0,15.0,15.0,15.0
Burgos,33428.230769230766,14354.888888888889,56.41866666666667,86.54400000000001,13.523333333333333,13.0,9.0,15.0,15.0,15.0
Cartagena,29780.384615384617,10980.666666666666,58.861999999999995,78.95133333333334,21.38133333333333,13.0,9.0,15.0,15.0,15.0
Castelldefels,42537.61538461538,16427.88888888889,64.70466666666665,88.31133333333334,11.827333333333334,13.0,9.0,15.0,15.0,15.0
Castellón de la Plana/Castelló de la Plana,30255.23076923077,12658.222222222223,58.43933333333333,78.95800000000001,21.599333333333334,13.0,9.0,15.0,15.0,15.0
Ceuta,37625.61538461538,12147.888888888889,61.282000000000004,74.12200000000001,26.58066666666667,13.0,9.0,15.0,15.0,15.0
Chiclana de la Frontera,25428.2,9303.777777777777,59.687,73.33099999999999,26.656,10.0,9.0,10.0,10.0,10.0
Ciudad Real,32958.846153846156,13408.333333333334,57.02733333333334,80.12200000000001,20.137999999999998,13.0,9.0,15.0,15.0,15.0
Collado Villalba,34790.8,12403.888888888889,65.155,86.139,13.960999999999999,10.0,9.0,10.0,10.0,10.0
"Coruña, A",33439.92307692308,14560.444444444445,54.501333333333335,85.28933333333335,14.67333333333333,13.0,9.0,15.0,15.0,15.0
Coslada,35258.846153846156,12939.111111111111,62.88999999999999,86.30133333333335,13.783333333333331,13.0,9.0,15.0,15.0,15.0
Cáceres,30171.076923076922,12692.888888888889,58.045333333333325,79.47133333333335,20.55466666666667,13.0,9.0,15.0,15.0,15.0
Cádiz,31473.076923076922,12879.777777777777,52.016,72.20333333333333,27.531999999999996,13.0,9.0,15.0,15.0,15.0
Córdoba,29637.615384615383,11654.0,57.288666666666664,69.436,30.664,13.0,9.0,15.0,15.0,15.0
Donostia/San Sebastián,43675.1,18783.88888888889,54.18266666666667,91.298,8.629333333333333,10.0,9.0,15.0,15.0,15.0
Dos Hermanas,29714.76923076923,10772.444444444445,62.14733333333333,72.34400000000001,27.95866666666667,13.0,9.0,15.0,15.0,15.0
Eivissa,40507.88888888889,14192.666666666666,68.74,93.09,7.04,9.0,9.0,1.0,1.0,1.0
Elche/Elx,24768.23076923077,9678.888888888889,60.11866666666667,75.66600000000001,24.57,13.0,9.0,15.0,15.0,15.0
Elda,22405.46153846154,9370.888888888889,56.158,73.57733333333336,26.983999999999998,13.0,9.0,15.0,15.0,15.0
Ferrol,27968.30769230769,12960.888888888889,51.13866666666666,81.74,18.196666666666665,13.0,9.0,15.0,15.0,15.0
Fuengirola,22727.923076923078,9343.666666666666,54.843333333333334,76.584,23.530666666666665,13.0,9.0,15.0,15.0,15.0
Fuenlabrada,31164.0,11068.444444444445,66.93266666666668,82.74,17.730666666666668,13.0,9.0,15.0,15.0,15.0
Gandia,25946.846153846152,10561.777777777777,59.90733333333333,78.80733333333333,21.520000000000003,13.0,9.0,15.0,15.0,15.0
Gijón,30254.23076923077,13823.444444444445,51.326,82.596,17.336666666666662,13.0,9.0,15.0,15.0,15.0
Girona,36283.07692307692,14539.444444444445,62.81000000000001,84.29999999999998,16.552000000000003,13.0,9.0,15.0,15.0,15.0
Granada,30312.923076923078,13285.0,54.13533333333332,69.89866666666666,29.932000000000002,13.0,9.0,15.0,15.0,15.0
Granollers,35206.846153846156,13866.111111111111,61.18866666666666,83.45800000000001,16.986,13.0,9.0,15.0,15.0,15.0
Guadalajara,33640.0,13387.0,60.8,83.85666666666665,16.65,13.0,9.0,15.0,15.0,15.0
Huelva,26530.615384615383,11135.222222222223,57.053999999999995,70.85066666666667,29.424666666666663,13.0,9.0,15.0,15.0,15.0
Huesca,33135.11111111111,13499.111111111111,57.65,87.53,12.51,9.0,9.0,1.0,1.0,1.0
Igualada,34978.88888888889,13477.222222222223,59.73,90.15,10.72,9.0,9.0,1.0,1.0,1.0
Irun,33099.0,13511.222222222223,56.42533333333333,88.02333333333333,12.032,10.0,9.0,15.0,15.0,15.0
Jaén,31277.923076923078,12343.444444444445,55.51866666666667,71.78,28.283333333333335,13.0,9.0,15.0,15.0,15.0
Jerez de la Frontera,25716.076923076922,9970.666666666666,57.481333333333346,69.21866666666666,30.889333333333333,13.0,9.0,15.0,15.0,15.0
León,31298.69230769231,14326.222222222223,50.588,83.56066666666668,16.50733333333333,13.0,9.0,15.0,15.0,15.0
Linares,27066.0,10341.555555555555,54.098,66.19000000000001,33.775,10.0,9.0,10.0,10.0,10.0
Lleida,32133.615384615383,12999.666666666666,60.400666666666666,85.69133333333333,14.914,13.0,9.0,15.0,15.0,15.0
Logroño,32264.615384615383,13787.0,57.938,85.14133333333334,15.093333333333332,13.0,9.0,15.0,15.0,15.0
Lorca,29257.4,9603.888888888889,60.538,88.268,11.956999999999999,10.0,9.0,10.0,10.0,10.0
Lugo,29629.0,12875.333333333334,57.406666666666666,86.166,13.878666666666666,13.0,9.0,15.0,15.0,15.0
"Línea de la Concepción, La",22956.46153846154,9161.222222222223,57.138,66.83666666666666,33.312000000000005,13.0,9.0,15.0,15.0,15.0
Madrid,41350.692307692305,17060.333333333332,60.08066666666665,86.66133333333333,13.484000000000002,13.0,9.0,15.0,15.0,15.0
Mairena del Aljarafe,36558.333333333336,12670.111111111111,60.05,87.79,12.28,9.0,9.0,1.0,1.0,1.0
Manresa,32338.846153846152,13175.222222222223,58.90200000000001,81.77533333333332,18.562,13.0,9.0,15.0,15.0,15.0
Mataró,31344.923076923078,12160.777777777777,61.717999999999996,80.77333333333333,19.531333333333336,13.0,9.0,15.0,15.0,15.0
Melilla,37130.153846153844,11571.666666666666,60.519999999999996,75.54866666666665,24.993333333333332,13.0,9.0,15.0,15.0,15.0
Mollet del Vallès,33263.153846153844,13041.777777777777,62.37666666666667,81.62533333333333,18.986666666666668,13.0,9.0,15.0,15.0,15.0
Murcia,31751.846153846152,11661.555555555555,60.10733333333333,81.07866666666669,19.227999999999998,13.0,9.0,15.0,15.0,15.0
Málaga,28637.53846153846,11224.0,58.00266666666666,77.77533333333334,22.636666666666667,13.0,9.0,15.0,15.0,15.0
Mérida,28134.1,11069.777777777777,58.851,75.376,24.849000000000004,10.0,9.0,10.0,10.0,10.0
Ourense,28746.384615384617,12895.444444444445,52.36333333333334,82.82866666666668,17.189333333333334,13.0,9.0,15.0,15.0,15.0
Oviedo,32859.46153846154,14665.888888888889,53.52200000000001,85.20266666666667,14.753333333333334,13.0,9.0,15.0,15.0,15.0
Palencia,30294.153846153848,13540.222222222223,54.07333333333333,84.35666666666667,15.741333333333333,13.0,9.0,15.0,15.0,15.0
Palma de Mallorca,35476.769230769234,13379.888888888889,65.22066666666667,81.67533333333334,18.706000000000003,13.0,9.0,15.0,15.0,15.0
"Palmas de Gran Canaria, Las",31470.846153846152,12374.888888888889,59.05800000000001,72.83200000000001,27.25133333333333,13.0,9.0,15.0,15.0,15.0
Pamplona/Iruña,37103.2,14768.444444444445,55.961999999999996,86.98066666666665,13.122666666666667,10.0,9.0,15.0,15.0,15.0
Parla,28084.30769230769,9739.555555555555,68.99533333333332,80.22466666666666,20.21466666666667,13.0,9.0,15.0,15.0,15.0
Pinto,36241.77777777778,12966.555555555555,66.84,90.7,9.39,9.0,9.0,1.0,1.0,1.0
Ponferrada,27801.615384615383,12264.555555555555,53.73533333333333,80.87266666666667,19.212,13.0,9.0,15.0,15.0,15.0
Pontevedra,31281.076923076922,12956.0,56.10666666666667,83.264,16.71333333333333,13.0,9.0,15.0,15.0,15.0
"Prat de Llobregat, El",34166.0,13420.666666666666,60.446000000000005,84.40466666666666,16.074666666666666,13.0,9.0,15.0,15.0,15.0
Premià de Mar,36879.666666666664,14103.666666666666,59.74,91.34,8.81,9.0,9.0,1.0,1.0,1.0
"Puerto de Santa María, El",28602.846153846152,10790.0,57.982,73.47933333333334,26.422666666666665,13.0,9.0,15.0,15.0,15.0
Puerto de la Cruz,26733.444444444445,11133.111111111111,54.02,85.08,15.02,9.0,9.0,1.0,1.0,1.0
Reus,30947.923076923078,12340.333333333334,59.64733333333333,80.51,20.049999999999997,13.0,9.0,15.0,15.0,15.0
Rivas-Vaciamadrid,44670.9,15340.888888888889,70.37899999999999,90.08099999999999,10.103999999999997,10.0,9.0,10.0,10.0,10.0
"Rozas de Madrid, Las",60462.46153846154,20738.88888888889,65.312,91.348,8.548666666666666,13.0,9.0,15.0,15.0,15.0
Sabadell,33386.769230769234,13466.0,60.168,82.90399999999998,17.549333333333333,13.0,9.0,15.0,15.0,15.0
Sagunt/Sagunto,29213.6,12104.333333333334,56.922000000000004,83.17099999999999,17.108999999999998,10.0,9.0,10.0,10.0,10.0
Salamanca,28643.46153846154,13139.222222222223,51.77666666666667,82.90533333333333,17.21666666666666,13.0,9.0,15.0,15.0,15.0
San Fernando,28128.0,10721.222222222223,57.314,72.50266666666667,27.434666666666665,13.0,9.0,15.0,15.0,15.0
Sanlúcar de Barrameda,21125.153846153848,8212.333333333334,58.59800000000002,68.29266666666666,32.025333333333336,13.0,9.0,15.0,15.0,15.0
Sant Boi de Llobregat,33357.769230769234,13124.111111111111,60.39066666666666,83.60199999999999,16.908666666666665,13.0,9.0,15.0,15.0,15.0
Sant Cugat del Vallès,61081.53846153846,21116.555555555555,63.54133333333334,91.50466666666665,8.483333333333333,13.0,9.0,15.0,15.0,15.0
Santa Cruz de Tenerife,30139.615384615383,12466.0,58.79133333333334,74.15333333333334,25.954666666666665,13.0,9.0,15.0,15.0,15.0
Santa Lucía de Tirajana,24922.76923076923,9321.555555555555,66.186,71.99066666666667,28.59533333333333,13.0,9.0,15.0,15.0,15.0
Santander,32993.769230769234,14183.333333333334,52.550666666666665,85.62266666666666,14.213333333333333,13.0,9.0,15.0,15.0,15.0
Santiago de Compostela,35386.692307692305,14645.555555555555,56.544666666666664,86.86,13.04,13.0,9.0,15.0,15.0,15.0
Sevilla,31191.53846153846,12450.0,56.608666666666664,78.62733333333334,21.569999999999997,13.0,9.0,15.0,15.0,15.0
Talavera de la Reina,25307.076923076922,9916.222222222223,57.95266666666666,70.74000000000001,29.83466666666667,13.0,9.0,15.0,15.0,15.0
Tarragona,34099.230769230766,13809.111111111111,59.628,82.946,17.65533333333333,13.0,9.0,15.0,15.0,15.0
Telde,27457.23076923077,10761.111111111111,62.85,70.66333333333334,29.6,13.0,9.0,15.0,15.0,15.0
Terrassa,33226.692307692305,13109.0,62.09866666666667,81.49133333333332,19.017333333333337,13.0,9.0,15.0,15.0,15.0
Toledo,36832.07692307692,14315.666666666666,60.00733333333333,85.67466666666668,14.507333333333333,13.0,9.0,15.0,15.0,15.0
Torrejón de Ardoz,33271.53846153846,12096.888888888889,66.56400000000001,83.13933333333333,17.401999999999997,13.0,9.0,15.0,15.0,15.0
Torremolinos,25047.923076923078,11041.111111111111,59.492,75.44666666666666,24.649333333333335,13.0,9.0,15.0,15.0,15.0
Torrevieja,18202.153846153848,8293.111111111111,54.282000000000004,78.532,21.642666666666667,13.0,9.0,15.0,15.0,15.0
Valdemoro,37329.1,12651.888888888889,69.66900000000001,86.975,13.405000000000001,10.0,9.0,10.0,10.0,10.0
Valladolid,32163.076923076922,14135.111111111111,53.384666666666675,85.07133333333333,14.941333333333338,13.0,9.0,15.0,15.0,15.0
València,32753.23076923077,13635.111111111111,57.26800000000001,82.67666666666669,17.42666666666667,13.0,9.0,15.0,15.0,15.0
Vigo,32718.846153846152,13056.333333333334,55.05133333333333,81.86999999999998,18.04866666666667,13.0,9.0,15.0,15.0,15.0
Viladecans,35186.307692307695,13378.222222222223,62.994,84.57933333333334,15.968666666666666,13.0,9.0,15.0,15.0,15.0
Vilanova i la Geltrú,33743.769230769234,14031.444444444445,60.094,82.69933333333334,17.615333333333332,13.0,9.0,15.0,15.0,15.0
Vitoria-Gasteiz,35588.9,15924.888888888889,57.12466666666666,88.06533333333333,11.988000000000003,10.0,9.0,15.0,15.0,15.0
Vícar,23394.88888888889,7725.0,67.01,86.92,13.44,9.0,9.0,1.0,1.0,1.0
Zamora,27950.384615384617,12692.888888888889,53.32333333333333,80.86000000000003,18.97733333333333,13.0,9.0,15.0,15.0,15.0
Zaragoza,33514.769230769234,14077.555555555555,58.22666666666667,86.06600000000002,14.059333333333331,13.0,9.0,15.0,15.0,15.0
