City,Variable,Average,Years Available
Alacant/Alicante,"Proportion of population aged 25-64 with ISCED level 5, 6, 7 or 8 as the highest level of education (percentage)",38.9375,8
Albacete,"Proportion of population aged 25-64 with ISCED level 5, 6, 7 or 8 as the highest level of education (percentage)",39.93749999999999,8
Alcalá de Guadaíra,"Proportion of population aged 25-64 with ISCED level 5, 6, 7 or 8 as the highest level of education (percentage)",29.957142857142856,7
Alcalá de Henares,"Proportion of population aged 25-64 with ISCED level 5, 6, 7 or 8 as the highest level of education (percentage)",39.025,8
Alcoy/Alcoi,"Proportion of population aged 25-64 with ISCED level 5, 6, 7 or 8 as the highest level of education (percentage)",34.628571428571426,7
Algeciras,"Proportion of population aged 25-64 with ISCED level 5, 6, 7 or 8 as the highest level of education (percentage)",31.249999999999996,8
Almería,"Proportion of population aged 25-64 with ISCED level 5, 6, 7 or 8 as the highest level of education (percentage)",38.637499999999996,8
Aranjuez,"Proportion of population aged 25-64 with ISCED level 5, 6, 7 or 8 as the highest level of education (percentage)",43.71666666666666,6
Arganda del Rey,"Proportion of population aged 25-64 with ISCED level 5, 6, 7 or 8 as the highest level of education (percentage)",32.26666666666667,6
Armilla,"Proportion of population aged 25-64 with ISCED level 5, 6, 7 or 8 as the highest level of education (percentage)",44.0,6
Arrecife,"Proportion of population aged 25-64 with ISCED level 5, 6, 7 or 8 as the highest level of education (percentage)",24.825,8
Avilés,"Proportion of population aged 25-64 with ISCED level 5, 6, 7 or 8 as the highest level of education (percentage)",43.125,8
Badajoz,"Proportion of population aged 25-64 with ISCED level 5, 6, 7 or 8 as the highest level of education (percentage)",40.25,8
Barcelona,"Proportion of population aged 25-64 with ISCED level 5, 6, 7 or 8 as the highest level of education (percentage)",55.6625,8
Benidorm,"Proportion of population aged 25-64 with ISCED level 5, 6, 7 or 8 as the highest level of education (percentage)",22.2375,8
Bilbao,"Proportion of population aged 25-64 with ISCED level 5, 6, 7 or 8 as the highest level of education (percentage)",52.325,8
Burgos,"Proportion of population aged 25-64 with ISCED level 5, 6, 7 or 8 as the highest level of education (percentage)",50.875,8
Cartagena,"Proportion of population aged 25-64 with ISCED level 5, 6, 7 or 8 as the highest level of education (percentage)",33.712500000000006,8
Castelldefels,"Proportion of population aged 25-64 with ISCED level 5, 6, 7 or 8 as the highest level of education (percentage)",50.7875,8
Castellón de la Plana/Castelló de la Plana,"Proportion of population aged 25-64 with ISCED level 5, 6, 7 or 8 as the highest level of education (percentage)",38.4625,8
Ceuta,"Proportion of population aged 25-64 with ISCED level 5, 6, 7 or 8 as the highest level of education (percentage)",28.6875,8
Chiclana de la Frontera,"Proportion of population aged 25-64 with ISCED level 5, 6, 7 or 8 as the highest level of education (percentage)",31.599999999999998,7
Ciudad Real,"Proportion of population aged 25-64 with ISCED level 5, 6, 7 or 8 as the highest level of education (percentage)",50.93749999999999,8
Collado Villalba,"Proportion of population aged 25-64 with ISCED level 5, 6, 7 or 8 as the highest level of education (percentage)",44.87142857142857,7
"Coruña, A","Proportion of population aged 25-64 with ISCED level 5, 6, 7 or 8 as the highest level of education (percentage)",51.525000000000006,8
Coslada,"Proportion of population aged 25-64 with ISCED level 5, 6, 7 or 8 as the highest level of education (percentage)",32.2875,8
Cáceres,"Proportion of population aged 25-64 with ISCED level 5, 6, 7 or 8 as the highest level of education (percentage)",47.9125,8
Cádiz,"Proportion of population aged 25-64 with ISCED level 5, 6, 7 or 8 as the highest level of education (percentage)",45.775000000000006,8
Córdoba,"Proportion of population aged 25-64 with ISCED level 5, 6, 7 or 8 as the highest level of education (percentage)",43.3,8
Donostia/San Sebastián,"Proportion of population aged 25-64 with ISCED level 5, 6, 7 or 8 as the highest level of education (percentage)",61.525,8
Dos Hermanas,"Proportion of population aged 25-64 with ISCED level 5, 6, 7 or 8 as the highest level of education (percentage)",36.95,8
Eivissa,"Proportion of population aged 25-64 with ISCED level 5, 6, 7 or 8 as the highest level of education (percentage)",36.35,6
Elda,"Proportion of population aged 25-64 with ISCED level 5, 6, 7 or 8 as the highest level of education (percentage)",24.625,8
Elche/Elx,"Proportion of population aged 25-64 with ISCED level 5, 6, 7 or 8 as the highest level of education (percentage)",27.437500000000004,8
Ferrol,"Proportion of population aged 25-64 with ISCED level 5, 6, 7 or 8 as the highest level of education (percentage)",42.9,8
Fuengirola,"Proportion of population aged 25-64 with ISCED level 5, 6, 7 or 8 as the highest level of education (percentage)",26.487499999999997,8
Fuenlabrada,"Proportion of population aged 25-64 with ISCED level 5, 6, 7 or 8 as the highest level of education (percentage)",23.9375,8
Gandia,"Proportion of population aged 25-64 with ISCED level 5, 6, 7 or 8 as the highest level of education (percentage)",30.674999999999997,8
Gijón,"Proportion of population aged 25-64 with ISCED level 5, 6, 7 or 8 as the highest level of education (percentage)",44.949999999999996,8
Girona,"Proportion of population aged 25-64 with ISCED level 5, 6, 7 or 8 as the highest level of education (percentage)",44.962500000000006,8
Granada,"Proportion of population aged 25-64 with ISCED level 5, 6, 7 or 8 as the highest level of education (percentage)",54.8375,8
Granollers,"Proportion of population aged 25-64 with ISCED level 5, 6, 7 or 8 as the highest level of education (percentage)",37.6,8
Guadalajara,"Proportion of population aged 25-64 with ISCED level 5, 6, 7 or 8 as the highest level of education (percentage)",45.0125,8
Huelva,"Proportion of population aged 25-64 with ISCED level 5, 6, 7 or 8 as the highest level of education (percentage)",38.900000000000006,8
Huesca,"Proportion of population aged 25-64 with ISCED level 5, 6, 7 or 8 as the highest level of education (percentage)",44.166666666666664,6
Igualada,"Proportion of population aged 25-64 with ISCED level 5, 6, 7 or 8 as the highest level of education (percentage)",41.78333333333333,6
Irun,"Proportion of population aged 25-64 with ISCED level 5, 6, 7 or 8 as the highest level of education (percentage)",47.98750000000001,8
Jaén,"Proportion of population aged 25-64 with ISCED level 5, 6, 7 or 8 as the highest level of education (percentage)",44.7,8
Jerez de la Frontera,"Proportion of population aged 25-64 with ISCED level 5, 6, 7 or 8 as the highest level of education (percentage)",32.6,8
León,"Proportion of population aged 25-64 with ISCED level 5, 6, 7 or 8 as the highest level of education (percentage)",47.574999999999996,8
Linares,"Proportion of population aged 25-64 with ISCED level 5, 6, 7 or 8 as the highest level of education (percentage)",35.81428571428571,7
Lleida,"Proportion of population aged 25-64 with ISCED level 5, 6, 7 or 8 as the highest level of education (percentage)",38.0875,8
Logroño,"Proportion of population aged 25-64 with ISCED level 5, 6, 7 or 8 as the highest level of education (percentage)",44.3125,8
Lorca,"Proportion of population aged 25-64 with ISCED level 5, 6, 7 or 8 as the highest level of education (percentage)",23.157142857142855,7
Lugo,"Proportion of population aged 25-64 with ISCED level 5, 6, 7 or 8 as the highest level of education (percentage)",46.15,8
"Línea de la Concepción, La","Proportion of population aged 25-64 with ISCED level 5, 6, 7 or 8 as the highest level of education (percentage)",23.912499999999998,8
Madrid,"Proportion of population aged 25-64 with ISCED level 5, 6, 7 or 8 as the highest level of education (percentage)",53.2875,8
Mairena del Aljarafe,"Proportion of population aged 25-64 with ISCED level 5, 6, 7 or 8 as the highest level of education (percentage)",52.61666666666667,6
Manresa,"Proportion of population aged 25-64 with ISCED level 5, 6, 7 or 8 as the highest level of education (percentage)",36.825,8
Mataró,"Proportion of population aged 25-64 with ISCED level 5, 6, 7 or 8 as the highest level of education (percentage)",32.8,8
Melilla,"Proportion of population aged 25-64 with ISCED level 5, 6, 7 or 8 as the highest level of education (percentage)",29.35,8
Mollet del Vallès,"Proportion of population aged 25-64 with ISCED level 5, 6, 7 or 8 as the highest level of education (percentage)",31.412499999999998,8
Murcia,"Proportion of population aged 25-64 with ISCED level 5, 6, 7 or 8 as the highest level of education (percentage)",39.3375,8
Málaga,"Proportion of population aged 25-64 with ISCED level 5, 6, 7 or 8 as the highest level of education (percentage)",36.8,8
Mérida,"Proportion of population aged 25-64 with ISCED level 5, 6, 7 or 8 as the highest level of education (percentage)",41.385714285714286,7
Ourense,"Proportion of population aged 25-64 with ISCED level 5, 6, 7 or 8 as the highest level of education (percentage)",42.8375,8
Oviedo,"Proportion of population aged 25-64 with ISCED level 5, 6, 7 or 8 as the highest level of education (percentage)",50.0875,8
Palencia,"Proportion of population aged 25-64 with ISCED level 5, 6, 7 or 8 as the highest level of education (percentage)",42.95,8
Palma de Mallorca,"Proportion of population aged 25-64 with ISCED level 5, 6, 7 or 8 as the highest level of education (percentage)",34.012499999999996,8
"Palmas de Gran Canaria, Las","Proportion of population aged 25-64 with ISCED level 5, 6, 7 or 8 as the highest level of education (percentage)",37.375,8
Pamplona/Iruña,"Proportion of population aged 25-64 with ISCED level 5, 6, 7 or 8 as the highest level of education (percentage)",52.462500000000006,8
Parla,"Proportion of population aged 25-64 with ISCED level 5, 6, 7 or 8 as the highest level of education (percentage)",23.7625,8
Pinto,"Proportion of population aged 25-64 with ISCED level 5, 6, 7 or 8 as the highest level of education (percentage)",41.4,6
Ponferrada,"Proportion of population aged 25-64 with ISCED level 5, 6, 7 or 8 as the highest level of education (percentage)",37.9625,8
Pontevedra,"Proportion of population aged 25-64 with ISCED level 5, 6, 7 or 8 as the highest level of education (percentage)",47.6875,8
"Prat de Llobregat, El","Proportion of population aged 25-64 with ISCED level 5, 6, 7 or 8 as the highest level of education (percentage)",34.1875,8
Premià de Mar,"Proportion of population aged 25-64 with ISCED level 5, 6, 7 or 8 as the highest level of education (percentage)",45.73333333333333,6
"Puerto de Santa María, El","Proportion of population aged 25-64 with ISCED level 5, 6, 7 or 8 as the highest level of education (percentage)",37.675,8
Puerto de la Cruz,"Proportion of population aged 25-64 with ISCED level 5, 6, 7 or 8 as the highest level of education (percentage)",34.9,6
Reus,"Proportion of population aged 25-64 with ISCED level 5, 6, 7 or 8 as the highest level of education (percentage)",33.525,8
Rivas-Vaciamadrid,"Proportion of population aged 25-64 with ISCED level 5, 6, 7 or 8 as the highest level of education (percentage)",52.3,7
"Rozas de Madrid, Las","Proportion of population aged 25-64 with ISCED level 5, 6, 7 or 8 as the highest level of education (percentage)",73.6,8
Sabadell,"Proportion of population aged 25-64 with ISCED level 5, 6, 7 or 8 as the highest level of education (percentage)",36.9875,8
Sagunt/Sagunto,"Proportion of population aged 25-64 with ISCED level 5, 6, 7 or 8 as the highest level of education (percentage)",40.01428571428572,7
Salamanca,"Proportion of population aged 25-64 with ISCED level 5, 6, 7 or 8 as the highest level of education (percentage)",48.2875,8
San Fernando,"Proportion of population aged 25-64 with ISCED level 5, 6, 7 or 8 as the highest level of education (percentage)",37.2125,8
Sanlúcar de Barrameda,"Proportion of population aged 25-64 with ISCED level 5, 6, 7 or 8 as the highest level of education (percentage)",22.5625,8
Sant Boi de Llobregat,"Proportion of population aged 25-64 with ISCED level 5, 6, 7 or 8 as the highest level of education (percentage)",34.025000000000006,8
Sant Cugat del Vallès,"Proportion of population aged 25-64 with ISCED level 5, 6, 7 or 8 as the highest level of education (percentage)",71.14999999999999,8
Santa Cruz de Tenerife,"Proportion of population aged 25-64 with ISCED level 5, 6, 7 or 8 as the highest level of education (percentage)",40.5625,8
Santa Lucía de Tirajana,"Proportion of population aged 25-64 with ISCED level 5, 6, 7 or 8 as the highest level of education (percentage)",22.249999999999996,8
Santander,"Proportion of population aged 25-64 with ISCED level 5, 6, 7 or 8 as the highest level of education (percentage)",47.7,8
Santiago de Compostela,"Proportion of population aged 25-64 with ISCED level 5, 6, 7 or 8 as the highest level of education (percentage)",56.3625,8
Sevilla,"Proportion of population aged 25-64 with ISCED level 5, 6, 7 or 8 as the highest level of education (percentage)",43.55000000000001,8
Talavera de la Reina,"Proportion of population aged 25-64 with ISCED level 5, 6, 7 or 8 as the highest level of education (percentage)",30.287499999999998,8
Tarragona,"Proportion of population aged 25-64 with ISCED level 5, 6, 7 or 8 as the highest level of education (percentage)",42.199999999999996,8
Telde,"Proportion of population aged 25-64 with ISCED level 5, 6, 7 or 8 as the highest level of education (percentage)",29.4875,8
Terrassa,"Proportion of population aged 25-64 with ISCED level 5, 6, 7 or 8 as the highest level of education (percentage)",37.37500000000001,8
Toledo,"Proportion of population aged 25-64 with ISCED level 5, 6, 7 or 8 as the highest level of education (percentage)",51.6,8
Torrejón de Ardoz,"Proportion of population aged 25-64 with ISCED level 5, 6, 7 or 8 as the highest level of education (percentage)",31.9,8
Torremolinos,"Proportion of population aged 25-64 with ISCED level 5, 6, 7 or 8 as the highest level of education (percentage)",34.4625,8
Torrevieja,"Proportion of population aged 25-64 with ISCED level 5, 6, 7 or 8 as the highest level of education (percentage)",18.237499999999997,8
Valdemoro,"Proportion of population aged 25-64 with ISCED level 5, 6, 7 or 8 as the highest level of education (percentage)",40.65714285714286,7
Valladolid,"Proportion of population aged 25-64 with ISCED level 5, 6, 7 or 8 as the highest level of education (percentage)",46.925,8
València,"Proportion of population aged 25-64 with ISCED level 5, 6, 7 or 8 as the highest level of education (percentage)",48.3875,8
Vigo,"Proportion of population aged 25-64 with ISCED level 5, 6, 7 or 8 as the highest level of education (percentage)",44.9125,8
Viladecans,"Proportion of population aged 25-64 with ISCED level 5, 6, 7 or 8 as the highest level of education (percentage)",36.6875,8
Vilanova i la Geltrú,"Proportion of population aged 25-64 with ISCED level 5, 6, 7 or 8 as the highest level of education (percentage)",41.537499999999994,8
Vitoria-Gasteiz,"Proportion of population aged 25-64 with ISCED level 5, 6, 7 or 8 as the highest level of education (percentage)",50.075,8
Vícar,"Proportion of population aged 25-64 with ISCED level 5, 6, 7 or 8 as the highest level of education (percentage)",14.216666666666669,6
Zamora,"Proportion of population aged 25-64 with ISCED level 5, 6, 7 or 8 as the highest level of education (percentage)",42.400000000000006,8
Zaragoza,"Proportion of population aged 25-64 with ISCED level 5, 6, 7 or 8 as the highest level of education (percentage)",45.7875,8
