City,Average home price (Euros)_Average,Average monthly rent (Euros)_Average,Total criminal offences (Per 1000 people)_Average,Average home price (Euros)_Years Available,Average monthly rent (Euros)_Years Available,Total criminal offences (Per 1000 people)_Years Available
Alacant/Alicante,162846.0,469.38461538461536,56.6525,1.0,13.0,8.0
Albacete,139924.0,436.9230769230769,38.8825,1.0,13.0,8.0
Alcalá de Guadaíra,155246.0,398.84615384615387,47.457499999999996,1.0,13.0,8.0
Alcalá de Henares,208186.0,558.6923076923077,48.01625,1.0,13.0,8.0
Alcoy/Alcoi,74725.0,306.38461538461536,29.68875,1.0,13.0,8.0
Algeciras,110382.0,428.53846153846155,42.76375,1.0,13.0,8.0
Almería,133566.0,438.0769230769231,41.78,1.0,13.0,8.0
Aranjuez,159498.0,430.53846153846155,40.73125,1.0,13.0,8.0
Arganda del Rey,188779.0,492.46153846153845,49.18875,1.0,13.0,8.0
Armilla,158054.0,356.46153846153845,61.592000000000006,1.0,13.0,5.0
Arrecife,141984.0,426.46153846153845,40.9925,1.0,13.0,8.0
Avilés,106728.0,381.0,26.456249999999997,1.0,13.0,8.0
Badajoz,127332.0,411.61538461538464,46.272499999999994,1.0,13.0,8.0
Barcelona,354648.0,777.1538461538462,100.72500000000001,1.0,13.0,8.0
Benidorm,195040.0,464.7692307692308,79.54750000000001,1.0,13.0,8.0
Bilbao,269447.0,,60.43625,1.0,0.0,8.0
Burgos,145758.0,446.46153846153845,32.572500000000005,1.0,13.0,8.0
Cartagena,129847.0,396.61538461538464,37.637499999999996,1.0,13.0,8.0
Castelldefels,395604.0,766.0,49.5,1.0,13.0,8.0
Castellón de la Plana/Castelló de la Plana,120495.0,366.3076923076923,40.27,1.0,13.0,1.0
Ceuta,156483.0,614.4615384615385,49.66,1.0,13.0,8.0
Chiclana de la Frontera,178919.0,390.15384615384613,37.5225,1.0,13.0,8.0
Ciudad Real,116156.0,383.15384615384613,36.88125,1.0,13.0,8.0
Collado Villalba,201633.0,557.0769230769231,46.05375,1.0,13.0,8.0
"Coruña, A",209873.0,441.3076923076923,44.255,1.0,13.0,8.0
Coslada,214990.0,612.5384615384615,41.364999999999995,1.0,13.0,8.0
Cáceres,120353.0,398.0,29.02625,1.0,13.0,8.0
Cádiz,219816.0,574.6923076923077,46.381249999999994,1.0,13.0,8.0
Córdoba,150643.0,480.15384615384613,44.87125,1.0,13.0,8.0
Donostia/San Sebastián,461178.0,,35.92,1.0,0.0,8.0
Dos Hermanas,169203.0,446.2307692307692,40.512499999999996,1.0,13.0,8.0
Eivissa,536587.0,710.5384615384615,75.3825,1.0,13.0,8.0
Elche/Elx,117236.0,372.46153846153845,39.197500000000005,1.0,13.0,8.0
Elda,68514.0,309.2307692307692,35.03,1.0,13.0,8.0
Ferrol,81570.0,306.84615384615387,38.62625,1.0,13.0,8.0
Fuengirola,277245.0,522.8461538461538,67.00625,1.0,13.0,8.0
Fuenlabrada,171734.0,546.1538461538462,35.071250000000006,1.0,13.0,8.0
Gandia,119542.0,379.9230769230769,53.345,1.0,13.0,8.0
Gijón,167672.0,443.53846153846155,29.037499999999998,1.0,13.0,8.0
Girona,232293.0,543.2307692307693,61.714999999999996,1.0,13.0,8.0
Granada,180070.0,477.9230769230769,50.4525,1.0,13.0,8.0
Granollers,207207.0,544.6153846153846,48.042500000000004,1.0,13.0,8.0
Guadalajara,152925.0,458.15384615384613,36.243750000000006,1.0,13.0,8.0
Huelva,120741.0,430.3076923076923,45.370000000000005,1.0,13.0,8.0
Huesca,144929.0,415.53846153846155,26.8475,1.0,13.0,8.0
Igualada,148484.0,419.2307692307692,42.31125,1.0,13.0,8.0
Irun,246043.0,,46.931250000000006,1.0,0.0,8.0
Jaén,112991.0,418.0,40.5375,1.0,13.0,8.0
Jerez de la Frontera,130530.0,423.61538461538464,46.80125,1.0,13.0,8.0
León,132774.0,392.0769230769231,45.6075,1.0,13.0,8.0
Linares,76403.0,333.38461538461536,27.035000000000004,1.0,13.0,8.0
Lleida,124287.0,431.2307692307692,63.01875,1.0,13.0,8.0
Logroño,148136.0,405.61538461538464,31.345,1.0,13.0,8.0
Lorca,100804.0,379.84615384615387,25.605,1.0,13.0,8.0
Lugo,125776.0,333.46153846153845,33.39,1.0,13.0,8.0
"Línea de la Concepción, La",132837.0,486.3076923076923,39.70875,1.0,13.0,8.0
Madrid,386259.0,775.2307692307693,70.06875,1.0,13.0,8.0
Mairena del Aljarafe,201992.0,541.0769230769231,36.09625,1.0,13.0,8.0
Manresa,127331.0,414.0769230769231,48.24875,1.0,13.0,8.0
Mataró,186932.0,547.1538461538462,56.36749999999999,1.0,13.0,8.0
Melilla,167222.0,549.6153846153846,55.15125,1.0,13.0,8.0
Mollet del Vallès,171463.0,534.5384615384615,44.46,1.0,13.0,8.0
Murcia,136011.0,427.61538461538464,44.9275,1.0,13.0,8.0
Málaga,249901.0,538.8461538461538,47.42249999999999,1.0,13.0,8.0
Mérida,93350.0,339.7692307692308,38.91,1.0,13.0,8.0
Ourense,120643.0,352.0,38.166250000000005,1.0,13.0,8.0
Oviedo,132234.0,432.3076923076923,29.542500000000004,1.0,13.0,8.0
Palencia,107300.0,369.6923076923077,27.16125,1.0,13.0,8.0
Palma de Mallorca,359906.0,613.6923076923077,71.74375,1.0,13.0,8.0
"Palmas de Gran Canaria, Las",185271.0,498.84615384615387,45.31125,1.0,13.0,8.0
Pamplona/Iruña,237307.0,,61.48875,1.0,0.0,8.0
Parla,145525.0,495.6923076923077,45.6925,1.0,13.0,8.0
Pinto,215249.0,537.0,50.66,1.0,13.0,8.0
Ponferrada,85912.0,317.38461538461536,31.82375,1.0,13.0,8.0
Pontevedra,177031.0,426.2307692307692,36.23625,1.0,13.0,8.0
"Prat de Llobregat, El",216599.0,615.0,126.285,1.0,13.0,8.0
Premià de Mar,238052.0,601.5384615384615,43.402,1.0,13.0,5.0
"Puerto de Santa María, El",236775.0,465.2307692307692,45.61625,1.0,13.0,8.0
Puerto de la Cruz,188889.0,461.3076923076923,61.760000000000005,1.0,13.0,8.0
Reus,130750.0,428.38461538461536,47.9675,1.0,13.0,8.0
Rivas-Vaciamadrid,354743.0,666.8461538461538,57.027499999999996,1.0,13.0,8.0
"Rozas de Madrid, Las",471115.0,739.2307692307693,46.364999999999995,1.0,13.0,8.0
Sabadell,190264.0,551.2307692307693,40.12125,1.0,13.0,8.0
Sagunt/Sagunto,126630.0,373.6923076923077,42.5575,1.0,13.0,8.0
Salamanca,145970.0,453.3076923076923,40.801249999999996,1.0,13.0,8.0
San Fernando,135620.0,420.0,39.42625,1.0,13.0,8.0
Sanlúcar de Barrameda,141025.0,400.38461538461536,41.71375,1.0,13.0,8.0
Sant Boi de Llobregat,194708.0,583.8461538461538,43.705,1.0,13.0,8.0
Sant Cugat del Vallès,580782.0,873.7692307692307,45.185,1.0,13.0,8.0
Santa Cruz de Tenerife,183080.0,491.9230769230769,42.69375,1.0,13.0,8.0
Santa Lucía de Tirajana,129354.0,392.9230769230769,42.136250000000004,1.0,13.0,8.0
Santander,217525.0,504.0769230769231,37.642500000000005,1.0,13.0,8.0
Santiago de Compostela,207291.0,415.7692307692308,41.22875,1.0,13.0,8.0
Sevilla,193018.0,588.1538461538462,66.02875,1.0,13.0,8.0
Talavera de la Reina,84422.0,348.61538461538464,29.455,1.0,13.0,8.0
Tarragona,138938.0,474.3076923076923,62.30499999999999,1.0,13.0,8.0
Telde,145476.0,429.6923076923077,48.808749999999996,1.0,13.0,8.0
Terrassa,176816.0,524.3846153846154,37.96249999999999,1.0,13.0,8.0
Toledo,171235.0,481.2307692307692,39.730000000000004,1.0,13.0,8.0
Torrejón de Ardoz,227555.0,562.2307692307693,36.2825,1.0,13.0,8.0
Torremolinos,212735.0,502.9230769230769,69.75125,1.0,13.0,8.0
Torrevieja,117925.0,347.53846153846155,83.08125,1.0,13.0,8.0
Valdemoro,214647.0,515.3846153846154,45.4325,1.0,13.0,8.0
Valladolid,146012.0,438.61538461538464,32.93875,1.0,13.0,8.0
València,209244.0,505.61538461538464,63.55625,1.0,13.0,8.0
Vigo,202124.0,450.53846153846155,35.313750000000006,1.0,13.0,8.0
Viladecans,236442.0,617.4615384615385,44.528749999999995,1.0,13.0,8.0
Vilanova i la Geltrú,252895.0,560.1538461538462,50.1575,1.0,13.0,8.0
Vitoria-Gasteiz,229494.0,,36.40875,1.0,0.0,8.0
Vícar,80688.0,310.7692307692308,45.912,1.0,13.0,5.0
Zamora,104399.0,357.7692307692308,30.661250000000003,1.0,13.0,8.0
Zaragoza,153187.0,457.61538461538464,35.37375,1.0,13.0,8.0
